"source_tile","crbn_residue_id","native_contact_n","native_total_n","native_contact_fraction","native_wilson95_low","native_wilson95_high","randomized_contact_n","randomized_total_n","randomized_contact_fraction","randomized_wilson95_low","randomized_wilson95_high","tested","fisher_one_sided_p","bh_q_within_tile","significant_within_tile_q0p05"
"tile_0541_0580","46","0","100","0.0","3.469446951953614e-18","0.03699349820698568","0","100","0.0","3.469446951953614e-18","0.03699349820698568","False","","","False"
"tile_0541_0580","47","0","100","0.0","3.469446951953614e-18","0.03699349820698568","0","100","0.0","3.469446951953614e-18","0.03699349820698568","False","","","False"
"tile_0541_0580","48","0","100","0.0","3.469446951953614e-18","0.03699349820698568","0","100","0.0","3.469446951953614e-18","0.03699349820698568","False","","","False"
"tile_0541_0580","49","0","100","0.0","3.469446951953614e-18","0.03699349820698568","1","100","0.01","0.0017674320641406505","0.054486196178705315","False","","","False"
"tile_0541_0580","50","0","100","0.0","3.469446951953614e-18","0.03699349820698568","0","100","0.0","3.469446951953614e-18","0.03699349820698568","False","","","False"
"tile_0541_0580","51","0","100","0.0","3.469446951953614e-18","0.03699349820698568","0","100","0.0","3.469446951953614e-18","0.03699349820698568","False","","","False"
"tile_0541_0580","52","0","100","0.0","3.469446951953614e-18","0.03699349820698568","1","100","0.01","0.0017674320641406505","0.054486196178705315","False","","","False"
"tile_0541_0580","53","0","100","0.0","3.469446951953614e-18","0.03699349820698568","1","100","0.01","0.0017674320641406505","0.054486196178705315","False","","","False"
"tile_0541_0580","54","0","100","0.0","3.469446951953614e-18","0.03699349820698568","1","100","0.01","0.0017674320641406505","0.054486196178705315","False","","","False"
"tile_0541_0580","55","0","100","0.0","3.469446951953614e-18","0.03699349820698568","1","100","0.01","0.0017674320641406505","0.054486196178705315","False","","","False"
"tile_0541_0580","56","0","100","0.0","3.469446951953614e-18","0.03699349820698568","1","100","0.01","0.0017674320641406505","0.054486196178705315","False","","","False"
"tile_0541_0580","57","0","100","0.0","3.469446951953614e-18","0.03699349820698568","1","100","0.01","0.0017674320641406505","0.054486196178705315","False","","","False"
"tile_0541_0580","58","3","100","0.03","0.010254524024038925","0.0845193642905276","1","100","0.01","0.0017674320641406505","0.054486196178705315","True","0.3106012294977425","0.3923383951550432","False"
"tile_0541_0580","59","3","100","0.03","0.010254524024038925","0.0845193642905276","1","100","0.01","0.0017674320641406505","0.054486196178705315","True","0.3106012294977425","0.3923383951550432","False"
"tile_0541_0580","60","0","100","0.0","3.469446951953614e-18","0.03699349820698568","1","100","0.01","0.0017674320641406505","0.054486196178705315","False","","","False"
"tile_0541_0580","61","2","100","0.02","0.00550196755016235","0.07001179072854388","1","100","0.01","0.0017674320641406505","0.054486196178705315","True","0.5","0.5373134328358209","False"
"tile_0541_0580","62","2","100","0.02","0.00550196755016235","0.07001179072854388","1","100","0.01","0.0017674320641406505","0.054486196178705315","True","0.5","0.5373134328358209","False"
"tile_0541_0580","63","0","100","0.0","3.469446951953614e-18","0.03699349820698568","1","100","0.01","0.0017674320641406505","0.054486196178705315","False","","","False"
"tile_0541_0580","64","0","100","0.0","3.469446951953614e-18","0.03699349820698568","0","100","0.0","3.469446951953614e-18","0.03699349820698568","False","","","False"
"tile_0541_0580","65","0","100","0.0","3.469446951953614e-18","0.03699349820698568","0","100","0.0","3.469446951953614e-18","0.03699349820698568","False","","","False"
"tile_0541_0580","66","0","100","0.0","3.469446951953614e-18","0.03699349820698568","1","100","0.01","0.0017674320641406505","0.054486196178705315","False","","","False"
"tile_0541_0580","67","0","100","0.0","3.469446951953614e-18","0.03699349820698568","0","100","0.0","3.469446951953614e-18","0.03699349820698568","False","","","False"
"tile_0541_0580","68","0","100","0.0","3.469446951953614e-18","0.03699349820698568","0","100","0.0","3.469446951953614e-18","0.03699349820698568","False","","","False"
"tile_0541_0580","69","0","100","0.0","3.469446951953614e-18","0.03699349820698568","0","100","0.0","3.469446951953614e-18","0.03699349820698568","False","","","False"
"tile_0541_0580","70","0","100","0.0","3.469446951953614e-18","0.03699349820698568","0","100","0.0","3.469446951953614e-18","0.03699349820698568","False","","","False"
"tile_0541_0580","71","0","100","0.0","3.469446951953614e-18","0.03699349820698568","0","100","0.0","3.469446951953614e-18","0.03699349820698568","False","","","False"
"tile_0541_0580","72","0","100","0.0","3.469446951953614e-18","0.03699349820698568","0","100","0.0","3.469446951953614e-18","0.03699349820698568","False","","","False"
"tile_0541_0580","73","0","100","0.0","3.469446951953614e-18","0.03699349820698568","0","100","0.0","3.469446951953614e-18","0.03699349820698568","False","","","False"
"tile_0541_0580","74","0","100","0.0","3.469446951953614e-18","0.03699349820698568","0","100","0.0","3.469446951953614e-18","0.03699349820698568","False","","","False"
"tile_0541_0580","75","0","100","0.0","3.469446951953614e-18","0.03699349820698568","0","100","0.0","3.469446951953614e-18","0.03699349820698568","False","","","False"
"tile_0541_0580","76","0","100","0.0","3.469446951953614e-18","0.03699349820698568","0","100","0.0","3.469446951953614e-18","0.03699349820698568","False","","","False"
"tile_0541_0580","77","0","100","0.0","3.469446951953614e-18","0.03699349820698568","0","100","0.0","3.469446951953614e-18","0.03699349820698568","False","","","False"
"tile_0541_0580","78","0","100","0.0","3.469446951953614e-18","0.03699349820698568","0","100","0.0","3.469446951953614e-18","0.03699349820698568","False","","","False"
"tile_0541_0580","79","0","100","0.0","3.469446951953614e-18","0.03699349820698568","0","100","0.0","3.469446951953614e-18","0.03699349820698568","False","","","False"
"tile_0541_0580","80","0","100","0.0","3.469446951953614e-18","0.03699349820698568","0","100","0.0","3.469446951953614e-18","0.03699349820698568","False","","","False"
"tile_0541_0580","81","0","100","0.0","3.469446951953614e-18","0.03699349820698568","0","100","0.0","3.469446951953614e-18","0.03699349820698568","False","","","False"
"tile_0541_0580","82","0","100","0.0","3.469446951953614e-18","0.03699349820698568","0","100","0.0","3.469446951953614e-18","0.03699349820698568","False","","","False"
"tile_0541_0580","83","0","100","0.0","3.469446951953614e-18","0.03699349820698568","0","100","0.0","3.469446951953614e-18","0.03699349820698568","False","","","False"
"tile_0541_0580","84","0","100","0.0","3.469446951953614e-18","0.03699349820698568","0","100","0.0","3.469446951953614e-18","0.03699349820698568","False","","","False"
"tile_0541_0580","85","0","100","0.0","3.469446951953614e-18","0.03699349820698568","0","100","0.0","3.469446951953614e-18","0.03699349820698568","False","","","False"
"tile_0541_0580","86","16","100","0.16","0.10095288488804782","0.24420269389270244","0","100","0.0","3.469446951953614e-18","0.03699349820698568","True","7.956486731363567e-06","2.6039411120826218e-05","True"
"tile_0541_0580","87","0","100","0.0","3.469446951953614e-18","0.03699349820698568","0","100","0.0","3.469446951953614e-18","0.03699349820698568","False","","","False"
"tile_0541_0580","88","0","100","0.0","3.469446951953614e-18","0.03699349820698568","0","100","0.0","3.469446951953614e-18","0.03699349820698568","False","","","False"
"tile_0541_0580","89","0","100","0.0","3.469446951953614e-18","0.03699349820698568","0","100","0.0","3.469446951953614e-18","0.03699349820698568","False","","","False"
"tile_0541_0580","90","0","100","0.0","3.469446951953614e-18","0.03699349820698568","0","100","0.0","3.469446951953614e-18","0.03699349820698568","False","","","False"
"tile_0541_0580","91","0","100","0.0","3.469446951953614e-18","0.03699349820698568","0","100","0.0","3.469446951953614e-18","0.03699349820698568","False","","","False"
"tile_0541_0580","92","0","100","0.0","3.469446951953614e-18","0.03699349820698568","0","100","0.0","3.469446951953614e-18","0.03699349820698568","False","","","False"
"tile_0541_0580","93","0","100","0.0","3.469446951953614e-18","0.03699349820698568","0","100","0.0","3.469446951953614e-18","0.03699349820698568","False","","","False"
"tile_0541_0580","94","0","100","0.0","3.469446951953614e-18","0.03699349820698568","0","100","0.0","3.469446951953614e-18","0.03699349820698568","False","","","False"
"tile_0541_0580","95","0","100","0.0","3.469446951953614e-18","0.03699349820698568","0","100","0.0","3.469446951953614e-18","0.03699349820698568","False","","","False"
"tile_0541_0580","96","0","100","0.0","3.469446951953614e-18","0.03699349820698568","0","100","0.0","3.469446951953614e-18","0.03699349820698568","False","","","False"
"tile_0541_0580","97","0","100","0.0","3.469446951953614e-18","0.03699349820698568","0","100","0.0","3.469446951953614e-18","0.03699349820698568","False","","","False"
"tile_0541_0580","98","0","100","0.0","3.469446951953614e-18","0.03699349820698568","0","100","0.0","3.469446951953614e-18","0.03699349820698568","False","","","False"
"tile_0541_0580","99","0","100","0.0","3.469446951953614e-18","0.03699349820698568","0","100","0.0","3.469446951953614e-18","0.03699349820698568","False","","","False"
"tile_0541_0580","100","3","100","0.03","0.010254524024038925","0.0845193642905276","0","100","0.0","3.469446951953614e-18","0.03699349820698568","True","0.12311557788944724","0.19270264365304787","False"
"tile_0541_0580","101","0","100","0.0","3.469446951953614e-18","0.03699349820698568","0","100","0.0","3.469446951953614e-18","0.03699349820698568","False","","","False"
"tile_0541_0580","102","43","100","0.43","0.33733298524110106","0.5278461045078768","7","100","0.07","0.03431926106727268","0.137495147390735","True","1.484918457905591e-09","1.5273446995600363e-08","True"
"tile_0541_0580","103","28","100","0.28","0.20139685211186212","0.3748802870992116","3","100","0.03","0.010254524024038925","0.0845193642905276","True","3.884666907835645e-07","2.1419797859903444e-06","True"
"tile_0541_0580","104","0","100","0.0","3.469446951953614e-18","0.03699349820698568","1","100","0.01","0.0017674320641406505","0.054486196178705315","False","","","False"
"tile_0541_0580","105","1","100","0.01","0.0017674320641406505","0.054486196178705315","0","100","0.0","3.469446951953614e-18","0.03699349820698568","True","0.5","0.5373134328358209","False"
"tile_0541_0580","106","0","100","0.0","3.469446951953614e-18","0.03699349820698568","0","100","0.0","3.469446951953614e-18","0.03699349820698568","False","","","False"
"tile_0541_0580","107","0","100","0.0","3.469446951953614e-18","0.03699349820698568","0","100","0.0","3.469446951953614e-18","0.03699349820698568","False","","","False"
"tile_0541_0580","108","0","100","0.0","3.469446951953614e-18","0.03699349820698568","0","100","0.0","3.469446951953614e-18","0.03699349820698568","False","","","False"
"tile_0541_0580","109","0","100","0.0","3.469446951953614e-18","0.03699349820698568","0","100","0.0","3.469446951953614e-18","0.03699349820698568","False","","","False"
"tile_0541_0580","110","0","100","0.0","3.469446951953614e-18","0.03699349820698568","0","100","0.0","3.469446951953614e-18","0.03699349820698568","False","","","False"
"tile_0541_0580","111","0","100","0.0","3.469446951953614e-18","0.03699349820698568","0","100","0.0","3.469446951953614e-18","0.03699349820698568","False","","","False"
"tile_0541_0580","112","0","100","0.0","3.469446951953614e-18","0.03699349820698568","0","100","0.0","3.469446951953614e-18","0.03699349820698568","False","","","False"
"tile_0541_0580","113","0","100","0.0","3.469446951953614e-18","0.03699349820698568","0","100","0.0","3.469446951953614e-18","0.03699349820698568","False","","","False"
"tile_0541_0580","114","0","100","0.0","3.469446951953614e-18","0.03699349820698568","0","100","0.0","3.469446951953614e-18","0.03699349820698568","False","","","False"
"tile_0541_0580","115","0","100","0.0","3.469446951953614e-18","0.03699349820698568","0","100","0.0","3.469446951953614e-18","0.03699349820698568","False","","","False"
"tile_0541_0580","116","0","100","0.0","3.469446951953614e-18","0.03699349820698568","0","100","0.0","3.469446951953614e-18","0.03699349820698568","False","","","False"
"tile_0541_0580","117","0","100","0.0","3.469446951953614e-18","0.03699349820698568","0","100","0.0","3.469446951953614e-18","0.03699349820698568","False","","","False"
"tile_0541_0580","118","0","100","0.0","3.469446951953614e-18","0.03699349820698568","0","100","0.0","3.469446951953614e-18","0.03699349820698568","False","","","False"
"tile_0541_0580","119","0","100","0.0","3.469446951953614e-18","0.03699349820698568","0","100","0.0","3.469446951953614e-18","0.03699349820698568","False","","","False"
"tile_0541_0580","120","0","100","0.0","3.469446951953614e-18","0.03699349820698568","0","100","0.0","3.469446951953614e-18","0.03699349820698568","False","","","False"
"tile_0541_0580","121","0","100","0.0","3.469446951953614e-18","0.03699349820698568","0","100","0.0","3.469446951953614e-18","0.03699349820698568","False","","","False"
"tile_0541_0580","122","0","100","0.0","3.469446951953614e-18","0.03699349820698568","0","100","0.0","3.469446951953614e-18","0.03699349820698568","False","","","False"
"tile_0541_0580","123","0","100","0.0","3.469446951953614e-18","0.03699349820698568","0","100","0.0","3.469446951953614e-18","0.03699349820698568","False","","","False"
"tile_0541_0580","124","0","100","0.0","3.469446951953614e-18","0.03699349820698568","0","100","0.0","3.469446951953614e-18","0.03699349820698568","False","","","False"
"tile_0541_0580","125","0","100","0.0","3.469446951953614e-18","0.03699349820698568","0","100","0.0","3.469446951953614e-18","0.03699349820698568","False","","","False"
"tile_0541_0580","126","0","100","0.0","3.469446951953614e-18","0.03699349820698568","0","100","0.0","3.469446951953614e-18","0.03699349820698568","False","","","False"
"tile_0541_0580","127","0","100","0.0","3.469446951953614e-18","0.03699349820698568","0","100","0.0","3.469446951953614e-18","0.03699349820698568","False","","","False"
"tile_0541_0580","128","0","100","0.0","3.469446951953614e-18","0.03699349820698568","1","100","0.01","0.0017674320641406505","0.054486196178705315","False","","","False"
"tile_0541_0580","129","0","100","0.0","3.469446951953614e-18","0.03699349820698568","0","100","0.0","3.469446951953614e-18","0.03699349820698568","False","","","False"
"tile_0541_0580","130","0","100","0.0","3.469446951953614e-18","0.03699349820698568","0","100","0.0","3.469446951953614e-18","0.03699349820698568","False","","","False"
"tile_0541_0580","131","0","100","0.0","3.469446951953614e-18","0.03699349820698568","0","100","0.0","3.469446951953614e-18","0.03699349820698568","False","","","False"
"tile_0541_0580","132","0","100","0.0","3.469446951953614e-18","0.03699349820698568","0","100","0.0","3.469446951953614e-18","0.03699349820698568","False","","","False"
"tile_0541_0580","133","0","100","0.0","3.469446951953614e-18","0.03699349820698568","0","100","0.0","3.469446951953614e-18","0.03699349820698568","False","","","False"
"tile_0541_0580","134","0","100","0.0","3.469446951953614e-18","0.03699349820698568","0","100","0.0","3.469446951953614e-18","0.03699349820698568","False","","","False"
"tile_0541_0580","135","0","100","0.0","3.469446951953614e-18","0.03699349820698568","0","100","0.0","3.469446951953614e-18","0.03699349820698568","False","","","False"
"tile_0541_0580","136","0","100","0.0","3.469446951953614e-18","0.03699349820698568","0","100","0.0","3.469446951953614e-18","0.03699349820698568","False","","","False"
"tile_0541_0580","137","0","100","0.0","3.469446951953614e-18","0.03699349820698568","0","100","0.0","3.469446951953614e-18","0.03699349820698568","False","","","False"
"tile_0541_0580","138","0","100","0.0","3.469446951953614e-18","0.03699349820698568","0","100","0.0","3.469446951953614e-18","0.03699349820698568","False","","","False"
"tile_0541_0580","139","0","100","0.0","3.469446951953614e-18","0.03699349820698568","0","100","0.0","3.469446951953614e-18","0.03699349820698568","False","","","False"
"tile_0541_0580","140","0","100","0.0","3.469446951953614e-18","0.03699349820698568","0","100","0.0","3.469446951953614e-18","0.03699349820698568","False","","","False"
"tile_0541_0580","141","0","100","0.0","3.469446951953614e-18","0.03699349820698568","0","100","0.0","3.469446951953614e-18","0.03699349820698568","False","","","False"
"tile_0541_0580","142","0","100","0.0","3.469446951953614e-18","0.03699349820698568","0","100","0.0","3.469446951953614e-18","0.03699349820698568","False","","","False"
"tile_0541_0580","143","0","100","0.0","3.469446951953614e-18","0.03699349820698568","0","100","0.0","3.469446951953614e-18","0.03699349820698568","False","","","False"
"tile_0541_0580","144","0","100","0.0","3.469446951953614e-18","0.03699349820698568","0","100","0.0","3.469446951953614e-18","0.03699349820698568","False","","","False"
"tile_0541_0580","145","0","100","0.0","3.469446951953614e-18","0.03699349820698568","0","100","0.0","3.469446951953614e-18","0.03699349820698568","False","","","False"
"tile_0541_0580","146","0","100","0.0","3.469446951953614e-18","0.03699349820698568","0","100","0.0","3.469446951953614e-18","0.03699349820698568","False","","","False"
"tile_0541_0580","147","0","100","0.0","3.469446951953614e-18","0.03699349820698568","0","100","0.0","3.469446951953614e-18","0.03699349820698568","False","","","False"
"tile_0541_0580","148","0","100","0.0","3.469446951953614e-18","0.03699349820698568","2","100","0.02","0.00550196755016235","0.07001179072854388","False","","","False"
"tile_0541_0580","149","2","100","0.02","0.00550196755016235","0.07001179072854388","5","100","0.05","0.02154367915436796","0.11175046923191913","True","0.9407973094680745","0.9540479757986108","False"
"tile_0541_0580","150","30","100","0.3","0.2189488529493276","0.3958485463334666","18","100","0.18","0.1170022549894635","0.2666735838630073","True","0.033955000506876096","0.05962829357305071","False"
"tile_0541_0580","151","2","100","0.02","0.00550196755016235","0.07001179072854388","7","100","0.07","0.03431926106727268","0.137495147390735","True","0.9825504240139422","0.9825504240139422","False"
"tile_0541_0580","152","41","100","0.41","0.3186731302113651","0.5079856994658921","13","100","0.13","0.07757167427240512","0.20980351440076428","True","6.159995627501898e-06","2.2175984259006834e-05","True"
"tile_0541_0580","153","0","100","0.0","3.469446951953614e-18","0.03699349820698568","1","100","0.01","0.0017674320641406505","0.054486196178705315","False","","","False"
"tile_0541_0580","154","4","100","0.04","0.01566330399154762","0.0983707143588792","4","100","0.04","0.01566330399154762","0.0983707143588792","True","0.63953072258493","0.6771501768546319","False"
"tile_0541_0580","155","0","100","0.0","3.469446951953614e-18","0.03699349820698568","0","100","0.0","3.469446951953614e-18","0.03699349820698568","False","","","False"
"tile_0541_0580","156","0","100","0.0","3.469446951953614e-18","0.03699349820698568","1","100","0.01","0.0017674320641406505","0.054486196178705315","False","","","False"
"tile_0541_0580","157","0","100","0.0","3.469446951953614e-18","0.03699349820698568","0","100","0.0","3.469446951953614e-18","0.03699349820698568","False","","","False"
"tile_0541_0580","158","0","100","0.0","3.469446951953614e-18","0.03699349820698568","1","100","0.01","0.0017674320641406505","0.054486196178705315","False","","","False"
"tile_0541_0580","159","0","100","0.0","3.469446951953614e-18","0.03699349820698568","0","100","0.0","3.469446951953614e-18","0.03699349820698568","False","","","False"
"tile_0541_0580","160","0","100","0.0","3.469446951953614e-18","0.03699349820698568","0","100","0.0","3.469446951953614e-18","0.03699349820698568","False","","","False"
"tile_0541_0580","161","0","100","0.0","3.469446951953614e-18","0.03699349820698568","0","100","0.0","3.469446951953614e-18","0.03699349820698568","False","","","False"
"tile_0541_0580","162","0","100","0.0","3.469446951953614e-18","0.03699349820698568","0","100","0.0","3.469446951953614e-18","0.03699349820698568","False","","","False"
"tile_0541_0580","163","0","100","0.0","3.469446951953614e-18","0.03699349820698568","0","100","0.0","3.469446951953614e-18","0.03699349820698568","False","","","False"
"tile_0541_0580","164","0","100","0.0","3.469446951953614e-18","0.03699349820698568","0","100","0.0","3.469446951953614e-18","0.03699349820698568","False","","","False"
"tile_0541_0580","165","0","100","0.0","3.469446951953614e-18","0.03699349820698568","0","100","0.0","3.469446951953614e-18","0.03699349820698568","False","","","False"
"tile_0541_0580","166","0","100","0.0","3.469446951953614e-18","0.03699349820698568","0","100","0.0","3.469446951953614e-18","0.03699349820698568","False","","","False"
"tile_0541_0580","167","0","100","0.0","3.469446951953614e-18","0.03699349820698568","0","100","0.0","3.469446951953614e-18","0.03699349820698568","False","","","False"
"tile_0541_0580","168","0","100","0.0","3.469446951953614e-18","0.03699349820698568","0","100","0.0","3.469446951953614e-18","0.03699349820698568","False","","","False"
"tile_0541_0580","169","0","100","0.0","3.469446951953614e-18","0.03699349820698568","0","100","0.0","3.469446951953614e-18","0.03699349820698568","False","","","False"
"tile_0541_0580","170","0","100","0.0","3.469446951953614e-18","0.03699349820698568","0","100","0.0","3.469446951953614e-18","0.03699349820698568","False","","","False"
"tile_0541_0580","171","0","100","0.0","3.469446951953614e-18","0.03699349820698568","0","100","0.0","3.469446951953614e-18","0.03699349820698568","False","","","False"
"tile_0541_0580","172","0","100","0.0","3.469446951953614e-18","0.03699349820698568","0","100","0.0","3.469446951953614e-18","0.03699349820698568","False","","","False"
"tile_0541_0580","173","0","100","0.0","3.469446951953614e-18","0.03699349820698568","0","100","0.0","3.469446951953614e-18","0.03699349820698568","False","","","False"
"tile_0541_0580","174","1","100","0.01","0.0017674320641406505","0.054486196178705315","0","100","0.0","3.469446951953614e-18","0.03699349820698568","True","0.5","0.5373134328358209","False"
"tile_0541_0580","175","0","100","0.0","3.469446951953614e-18","0.03699349820698568","0","100","0.0","3.469446951953614e-18","0.03699349820698568","False","","","False"
"tile_0541_0580","176","0","100","0.0","3.469446951953614e-18","0.03699349820698568","0","100","0.0","3.469446951953614e-18","0.03699349820698568","False","","","False"
"tile_0541_0580","177","0","100","0.0","3.469446951953614e-18","0.03699349820698568","0","100","0.0","3.469446951953614e-18","0.03699349820698568","False","","","False"
"tile_0541_0580","178","0","100","0.0","3.469446951953614e-18","0.03699349820698568","0","100","0.0","3.469446951953614e-18","0.03699349820698568","False","","","False"
"tile_0541_0580","179","0","100","0.0","3.469446951953614e-18","0.03699349820698568","0","100","0.0","3.469446951953614e-18","0.03699349820698568","False","","","False"
"tile_0541_0580","180","0","100","0.0","3.469446951953614e-18","0.03699349820698568","0","100","0.0","3.469446951953614e-18","0.03699349820698568","False","","","False"
"tile_0541_0580","181","0","100","0.0","3.469446951953614e-18","0.03699349820698568","0","100","0.0","3.469446951953614e-18","0.03699349820698568","False","","","False"
"tile_0541_0580","182","0","100","0.0","3.469446951953614e-18","0.03699349820698568","0","100","0.0","3.469446951953614e-18","0.03699349820698568","False","","","False"
"tile_0541_0580","183","0","100","0.0","3.469446951953614e-18","0.03699349820698568","0","100","0.0","3.469446951953614e-18","0.03699349820698568","False","","","False"
"tile_0541_0580","184","0","100","0.0","3.469446951953614e-18","0.03699349820698568","0","100","0.0","3.469446951953614e-18","0.03699349820698568","False","","","False"
"tile_0541_0580","185","0","100","0.0","3.469446951953614e-18","0.03699349820698568","0","100","0.0","3.469446951953614e-18","0.03699349820698568","False","","","False"
"tile_0541_0580","186","0","100","0.0","3.469446951953614e-18","0.03699349820698568","0","100","0.0","3.469446951953614e-18","0.03699349820698568","False","","","False"
"tile_0541_0580","187","0","100","0.0","3.469446951953614e-18","0.03699349820698568","0","100","0.0","3.469446951953614e-18","0.03699349820698568","False","","","False"
"tile_0541_0580","188","0","100","0.0","3.469446951953614e-18","0.03699349820698568","0","100","0.0","3.469446951953614e-18","0.03699349820698568","False","","","False"
"tile_0541_0580","189","0","100","0.0","3.469446951953614e-18","0.03699349820698568","0","100","0.0","3.469446951953614e-18","0.03699349820698568","False","","","False"
"tile_0541_0580","190","0","100","0.0","3.469446951953614e-18","0.03699349820698568","0","100","0.0","3.469446951953614e-18","0.03699349820698568","False","","","False"
"tile_0541_0580","191","0","100","0.0","3.469446951953614e-18","0.03699349820698568","0","100","0.0","3.469446951953614e-18","0.03699349820698568","False","","","False"
"tile_0541_0580","192","0","100","0.0","3.469446951953614e-18","0.03699349820698568","0","100","0.0","3.469446951953614e-18","0.03699349820698568","False","","","False"
"tile_0541_0580","193","0","100","0.0","3.469446951953614e-18","0.03699349820698568","0","100","0.0","3.469446951953614e-18","0.03699349820698568","False","","","False"
"tile_0541_0580","194","0","100","0.0","3.469446951953614e-18","0.03699349820698568","0","100","0.0","3.469446951953614e-18","0.03699349820698568","False","","","False"
"tile_0541_0580","195","0","100","0.0","3.469446951953614e-18","0.03699349820698568","0","100","0.0","3.469446951953614e-18","0.03699349820698568","False","","","False"
"tile_0541_0580","196","0","100","0.0","3.469446951953614e-18","0.03699349820698568","0","100","0.0","3.469446951953614e-18","0.03699349820698568","False","","","False"
"tile_0541_0580","197","0","100","0.0","3.469446951953614e-18","0.03699349820698568","0","100","0.0","3.469446951953614e-18","0.03699349820698568","False","","","False"
"tile_0541_0580","198","0","100","0.0","3.469446951953614e-18","0.03699349820698568","0","100","0.0","3.469446951953614e-18","0.03699349820698568","False","","","False"
"tile_0541_0580","199","0","100","0.0","3.469446951953614e-18","0.03699349820698568","0","100","0.0","3.469446951953614e-18","0.03699349820698568","False","","","False"
"tile_0541_0580","200","0","100","0.0","3.469446951953614e-18","0.03699349820698568","0","100","0.0","3.469446951953614e-18","0.03699349820698568","False","","","False"
"tile_0541_0580","201","0","100","0.0","3.469446951953614e-18","0.03699349820698568","0","100","0.0","3.469446951953614e-18","0.03699349820698568","False","","","False"
"tile_0541_0580","202","0","100","0.0","3.469446951953614e-18","0.03699349820698568","0","100","0.0","3.469446951953614e-18","0.03699349820698568","False","","","False"
"tile_0541_0580","203","0","100","0.0","3.469446951953614e-18","0.03699349820698568","0","100","0.0","3.469446951953614e-18","0.03699349820698568","False","","","False"
"tile_0541_0580","204","0","100","0.0","3.469446951953614e-18","0.03699349820698568","0","100","0.0","3.469446951953614e-18","0.03699349820698568","False","","","False"
"tile_0541_0580","205","0","100","0.0","3.469446951953614e-18","0.03699349820698568","0","100","0.0","3.469446951953614e-18","0.03699349820698568","False","","","False"
"tile_0541_0580","206","0","100","0.0","3.469446951953614e-18","0.03699349820698568","0","100","0.0","3.469446951953614e-18","0.03699349820698568","False","","","False"
"tile_0541_0580","207","0","100","0.0","3.469446951953614e-18","0.03699349820698568","0","100","0.0","3.469446951953614e-18","0.03699349820698568","False","","","False"
"tile_0541_0580","208","0","100","0.0","3.469446951953614e-18","0.03699349820698568","0","100","0.0","3.469446951953614e-18","0.03699349820698568","False","","","False"
"tile_0541_0580","209","0","100","0.0","3.469446951953614e-18","0.03699349820698568","0","100","0.0","3.469446951953614e-18","0.03699349820698568","False","","","False"
"tile_0541_0580","210","0","100","0.0","3.469446951953614e-18","0.03699349820698568","0","100","0.0","3.469446951953614e-18","0.03699349820698568","False","","","False"
"tile_0541_0580","211","0","100","0.0","3.469446951953614e-18","0.03699349820698568","0","100","0.0","3.469446951953614e-18","0.03699349820698568","False","","","False"
"tile_0541_0580","212","0","100","0.0","3.469446951953614e-18","0.03699349820698568","0","100","0.0","3.469446951953614e-18","0.03699349820698568","False","","","False"
"tile_0541_0580","213","0","100","0.0","3.469446951953614e-18","0.03699349820698568","0","100","0.0","3.469446951953614e-18","0.03699349820698568","False","","","False"
"tile_0541_0580","214","0","100","0.0","3.469446951953614e-18","0.03699349820698568","0","100","0.0","3.469446951953614e-18","0.03699349820698568","False","","","False"
"tile_0541_0580","215","0","100","0.0","3.469446951953614e-18","0.03699349820698568","0","100","0.0","3.469446951953614e-18","0.03699349820698568","False","","","False"
"tile_0541_0580","216","0","100","0.0","3.469446951953614e-18","0.03699349820698568","0","100","0.0","3.469446951953614e-18","0.03699349820698568","False","","","False"
"tile_0541_0580","217","0","100","0.0","3.469446951953614e-18","0.03699349820698568","0","100","0.0","3.469446951953614e-18","0.03699349820698568","False","","","False"
"tile_0541_0580","218","0","100","0.0","3.469446951953614e-18","0.03699349820698568","0","100","0.0","3.469446951953614e-18","0.03699349820698568","False","","","False"
"tile_0541_0580","219","0","100","0.0","3.469446951953614e-18","0.03699349820698568","0","100","0.0","3.469446951953614e-18","0.03699349820698568","False","","","False"
"tile_0541_0580","220","0","100","0.0","3.469446951953614e-18","0.03699349820698568","0","100","0.0","3.469446951953614e-18","0.03699349820698568","False","","","False"
"tile_0541_0580","221","0","100","0.0","3.469446951953614e-18","0.03699349820698568","0","100","0.0","3.469446951953614e-18","0.03699349820698568","False","","","False"
"tile_0541_0580","222","0","100","0.0","3.469446951953614e-18","0.03699349820698568","0","100","0.0","3.469446951953614e-18","0.03699349820698568","False","","","False"
"tile_0541_0580","223","0","100","0.0","3.469446951953614e-18","0.03699349820698568","0","100","0.0","3.469446951953614e-18","0.03699349820698568","False","","","False"
"tile_0541_0580","224","0","100","0.0","3.469446951953614e-18","0.03699349820698568","0","100","0.0","3.469446951953614e-18","0.03699349820698568","False","","","False"
"tile_0541_0580","225","0","100","0.0","3.469446951953614e-18","0.03699349820698568","0","100","0.0","3.469446951953614e-18","0.03699349820698568","False","","","False"
"tile_0541_0580","226","0","100","0.0","3.469446951953614e-18","0.03699349820698568","0","100","0.0","3.469446951953614e-18","0.03699349820698568","False","","","False"
"tile_0541_0580","227","0","100","0.0","3.469446951953614e-18","0.03699349820698568","0","100","0.0","3.469446951953614e-18","0.03699349820698568","False","","","False"
"tile_0541_0580","228","0","100","0.0","3.469446951953614e-18","0.03699349820698568","0","100","0.0","3.469446951953614e-18","0.03699349820698568","False","","","False"
"tile_0541_0580","229","0","100","0.0","3.469446951953614e-18","0.03699349820698568","0","100","0.0","3.469446951953614e-18","0.03699349820698568","False","","","False"
"tile_0541_0580","230","0","100","0.0","3.469446951953614e-18","0.03699349820698568","0","100","0.0","3.469446951953614e-18","0.03699349820698568","False","","","False"
"tile_0541_0580","231","0","100","0.0","3.469446951953614e-18","0.03699349820698568","0","100","0.0","3.469446951953614e-18","0.03699349820698568","False","","","False"
"tile_0541_0580","232","0","100","0.0","3.469446951953614e-18","0.03699349820698568","0","100","0.0","3.469446951953614e-18","0.03699349820698568","False","","","False"
"tile_0541_0580","233","0","100","0.0","3.469446951953614e-18","0.03699349820698568","0","100","0.0","3.469446951953614e-18","0.03699349820698568","False","","","False"
"tile_0541_0580","234","0","100","0.0","3.469446951953614e-18","0.03699349820698568","0","100","0.0","3.469446951953614e-18","0.03699349820698568","False","","","False"
"tile_0541_0580","235","0","100","0.0","3.469446951953614e-18","0.03699349820698568","0","100","0.0","3.469446951953614e-18","0.03699349820698568","False","","","False"
"tile_0541_0580","236","0","100","0.0","3.469446951953614e-18","0.03699349820698568","0","100","0.0","3.469446951953614e-18","0.03699349820698568","False","","","False"
"tile_0541_0580","237","0","100","0.0","3.469446951953614e-18","0.03699349820698568","0","100","0.0","3.469446951953614e-18","0.03699349820698568","False","","","False"
"tile_0541_0580","238","0","100","0.0","3.469446951953614e-18","0.03699349820698568","0","100","0.0","3.469446951953614e-18","0.03699349820698568","False","","","False"
"tile_0541_0580","239","0","100","0.0","3.469446951953614e-18","0.03699349820698568","0","100","0.0","3.469446951953614e-18","0.03699349820698568","False","","","False"
"tile_0541_0580","240","0","100","0.0","3.469446951953614e-18","0.03699349820698568","0","100","0.0","3.469446951953614e-18","0.03699349820698568","False","","","False"
"tile_0541_0580","241","0","100","0.0","3.469446951953614e-18","0.03699349820698568","0","100","0.0","3.469446951953614e-18","0.03699349820698568","False","","","False"
"tile_0541_0580","242","0","100","0.0","3.469446951953614e-18","0.03699349820698568","0","100","0.0","3.469446951953614e-18","0.03699349820698568","False","","","False"
"tile_0541_0580","243","0","100","0.0","3.469446951953614e-18","0.03699349820698568","0","100","0.0","3.469446951953614e-18","0.03699349820698568","False","","","False"
"tile_0541_0580","244","0","100","0.0","3.469446951953614e-18","0.03699349820698568","0","100","0.0","3.469446951953614e-18","0.03699349820698568","False","","","False"
"tile_0541_0580","245","0","100","0.0","3.469446951953614e-18","0.03699349820698568","0","100","0.0","3.469446951953614e-18","0.03699349820698568","False","","","False"
"tile_0541_0580","246","0","100","0.0","3.469446951953614e-18","0.03699349820698568","0","100","0.0","3.469446951953614e-18","0.03699349820698568","False","","","False"
"tile_0541_0580","247","0","100","0.0","3.469446951953614e-18","0.03699349820698568","0","100","0.0","3.469446951953614e-18","0.03699349820698568","False","","","False"
"tile_0541_0580","248","0","100","0.0","3.469446951953614e-18","0.03699349820698568","0","100","0.0","3.469446951953614e-18","0.03699349820698568","False","","","False"
"tile_0541_0580","249","0","100","0.0","3.469446951953614e-18","0.03699349820698568","0","100","0.0","3.469446951953614e-18","0.03699349820698568","False","","","False"
"tile_0541_0580","250","0","100","0.0","3.469446951953614e-18","0.03699349820698568","0","100","0.0","3.469446951953614e-18","0.03699349820698568","False","","","False"
"tile_0541_0580","251","0","100","0.0","3.469446951953614e-18","0.03699349820698568","0","100","0.0","3.469446951953614e-18","0.03699349820698568","False","","","False"
"tile_0541_0580","252","0","100","0.0","3.469446951953614e-18","0.03699349820698568","0","100","0.0","3.469446951953614e-18","0.03699349820698568","False","","","False"
"tile_0541_0580","253","0","100","0.0","3.469446951953614e-18","0.03699349820698568","0","100","0.0","3.469446951953614e-18","0.03699349820698568","False","","","False"
"tile_0541_0580","254","0","100","0.0","3.469446951953614e-18","0.03699349820698568","0","100","0.0","3.469446951953614e-18","0.03699349820698568","False","","","False"
"tile_0541_0580","255","0","100","0.0","3.469446951953614e-18","0.03699349820698568","0","100","0.0","3.469446951953614e-18","0.03699349820698568","False","","","False"
"tile_0541_0580","256","0","100","0.0","3.469446951953614e-18","0.03699349820698568","0","100","0.0","3.469446951953614e-18","0.03699349820698568","False","","","False"
"tile_0541_0580","257","0","100","0.0","3.469446951953614e-18","0.03699349820698568","0","100","0.0","3.469446951953614e-18","0.03699349820698568","False","","","False"
"tile_0541_0580","258","0","100","0.0","3.469446951953614e-18","0.03699349820698568","0","100","0.0","3.469446951953614e-18","0.03699349820698568","False","","","False"
"tile_0541_0580","259","0","100","0.0","3.469446951953614e-18","0.03699349820698568","0","100","0.0","3.469446951953614e-18","0.03699349820698568","False","","","False"
"tile_0541_0580","260","0","100","0.0","3.469446951953614e-18","0.03699349820698568","0","100","0.0","3.469446951953614e-18","0.03699349820698568","False","","","False"
"tile_0541_0580","261","0","100","0.0","3.469446951953614e-18","0.03699349820698568","0","100","0.0","3.469446951953614e-18","0.03699349820698568","False","","","False"
"tile_0541_0580","262","0","100","0.0","3.469446951953614e-18","0.03699349820698568","0","100","0.0","3.469446951953614e-18","0.03699349820698568","False","","","False"
"tile_0541_0580","263","0","100","0.0","3.469446951953614e-18","0.03699349820698568","0","100","0.0","3.469446951953614e-18","0.03699349820698568","False","","","False"
"tile_0541_0580","264","0","100","0.0","3.469446951953614e-18","0.03699349820698568","0","100","0.0","3.469446951953614e-18","0.03699349820698568","False","","","False"
"tile_0541_0580","265","0","100","0.0","3.469446951953614e-18","0.03699349820698568","0","100","0.0","3.469446951953614e-18","0.03699349820698568","False","","","False"
"tile_0541_0580","266","0","100","0.0","3.469446951953614e-18","0.03699349820698568","0","100","0.0","3.469446951953614e-18","0.03699349820698568","False","","","False"
"tile_0541_0580","267","0","100","0.0","3.469446951953614e-18","0.03699349820698568","0","100","0.0","3.469446951953614e-18","0.03699349820698568","False","","","False"
"tile_0541_0580","268","0","100","0.0","3.469446951953614e-18","0.03699349820698568","0","100","0.0","3.469446951953614e-18","0.03699349820698568","False","","","False"
"tile_0541_0580","269","0","100","0.0","3.469446951953614e-18","0.03699349820698568","0","100","0.0","3.469446951953614e-18","0.03699349820698568","False","","","False"
"tile_0541_0580","270","0","100","0.0","3.469446951953614e-18","0.03699349820698568","0","100","0.0","3.469446951953614e-18","0.03699349820698568","False","","","False"
"tile_0541_0580","271","0","100","0.0","3.469446951953614e-18","0.03699349820698568","0","100","0.0","3.469446951953614e-18","0.03699349820698568","False","","","False"
"tile_0541_0580","272","0","100","0.0","3.469446951953614e-18","0.03699349820698568","0","100","0.0","3.469446951953614e-18","0.03699349820698568","False","","","False"
"tile_0541_0580","273","0","100","0.0","3.469446951953614e-18","0.03699349820698568","0","100","0.0","3.469446951953614e-18","0.03699349820698568","False","","","False"
"tile_0541_0580","274","0","100","0.0","3.469446951953614e-18","0.03699349820698568","0","100","0.0","3.469446951953614e-18","0.03699349820698568","False","","","False"
"tile_0541_0580","275","0","100","0.0","3.469446951953614e-18","0.03699349820698568","0","100","0.0","3.469446951953614e-18","0.03699349820698568","False","","","False"
"tile_0541_0580","276","0","100","0.0","3.469446951953614e-18","0.03699349820698568","0","100","0.0","3.469446951953614e-18","0.03699349820698568","False","","","False"
"tile_0541_0580","277","0","100","0.0","3.469446951953614e-18","0.03699349820698568","0","100","0.0","3.469446951953614e-18","0.03699349820698568","False","","","False"
"tile_0541_0580","278","0","100","0.0","3.469446951953614e-18","0.03699349820698568","0","100","0.0","3.469446951953614e-18","0.03699349820698568","False","","","False"
"tile_0541_0580","279","0","100","0.0","3.469446951953614e-18","0.03699349820698568","0","100","0.0","3.469446951953614e-18","0.03699349820698568","False","","","False"
"tile_0541_0580","280","0","100","0.0","3.469446951953614e-18","0.03699349820698568","0","100","0.0","3.469446951953614e-18","0.03699349820698568","False","","","False"
"tile_0541_0580","281","0","100","0.0","3.469446951953614e-18","0.03699349820698568","0","100","0.0","3.469446951953614e-18","0.03699349820698568","False","","","False"
"tile_0541_0580","282","0","100","0.0","3.469446951953614e-18","0.03699349820698568","0","100","0.0","3.469446951953614e-18","0.03699349820698568","False","","","False"
"tile_0541_0580","283","0","100","0.0","3.469446951953614e-18","0.03699349820698568","0","100","0.0","3.469446951953614e-18","0.03699349820698568","False","","","False"
"tile_0541_0580","284","0","100","0.0","3.469446951953614e-18","0.03699349820698568","0","100","0.0","3.469446951953614e-18","0.03699349820698568","False","","","False"
"tile_0541_0580","285","0","100","0.0","3.469446951953614e-18","0.03699349820698568","0","100","0.0","3.469446951953614e-18","0.03699349820698568","False","","","False"
"tile_0541_0580","286","0","100","0.0","3.469446951953614e-18","0.03699349820698568","0","100","0.0","3.469446951953614e-18","0.03699349820698568","False","","","False"
"tile_0541_0580","287","0","100","0.0","3.469446951953614e-18","0.03699349820698568","0","100","0.0","3.469446951953614e-18","0.03699349820698568","False","","","False"
"tile_0541_0580","288","0","100","0.0","3.469446951953614e-18","0.03699349820698568","0","100","0.0","3.469446951953614e-18","0.03699349820698568","False","","","False"
"tile_0541_0580","289","0","100","0.0","3.469446951953614e-18","0.03699349820698568","0","100","0.0","3.469446951953614e-18","0.03699349820698568","False","","","False"
"tile_0541_0580","290","0","100","0.0","3.469446951953614e-18","0.03699349820698568","0","100","0.0","3.469446951953614e-18","0.03699349820698568","False","","","False"
"tile_0541_0580","291","0","100","0.0","3.469446951953614e-18","0.03699349820698568","0","100","0.0","3.469446951953614e-18","0.03699349820698568","False","","","False"
"tile_0541_0580","292","0","100","0.0","3.469446951953614e-18","0.03699349820698568","0","100","0.0","3.469446951953614e-18","0.03699349820698568","False","","","False"
"tile_0541_0580","293","0","100","0.0","3.469446951953614e-18","0.03699349820698568","0","100","0.0","3.469446951953614e-18","0.03699349820698568","False","","","False"
"tile_0541_0580","294","0","100","0.0","3.469446951953614e-18","0.03699349820698568","0","100","0.0","3.469446951953614e-18","0.03699349820698568","False","","","False"
"tile_0541_0580","295","0","100","0.0","3.469446951953614e-18","0.03699349820698568","0","100","0.0","3.469446951953614e-18","0.03699349820698568","False","","","False"
"tile_0541_0580","296","0","100","0.0","3.469446951953614e-18","0.03699349820698568","0","100","0.0","3.469446951953614e-18","0.03699349820698568","False","","","False"
"tile_0541_0580","297","0","100","0.0","3.469446951953614e-18","0.03699349820698568","0","100","0.0","3.469446951953614e-18","0.03699349820698568","False","","","False"
"tile_0541_0580","298","0","100","0.0","3.469446951953614e-18","0.03699349820698568","0","100","0.0","3.469446951953614e-18","0.03699349820698568","False","","","False"
"tile_0541_0580","299","0","100","0.0","3.469446951953614e-18","0.03699349820698568","0","100","0.0","3.469446951953614e-18","0.03699349820698568","False","","","False"
"tile_0541_0580","300","0","100","0.0","3.469446951953614e-18","0.03699349820698568","0","100","0.0","3.469446951953614e-18","0.03699349820698568","False","","","False"
"tile_0541_0580","301","0","100","0.0","3.469446951953614e-18","0.03699349820698568","0","100","0.0","3.469446951953614e-18","0.03699349820698568","False","","","False"
"tile_0541_0580","302","0","100","0.0","3.469446951953614e-18","0.03699349820698568","0","100","0.0","3.469446951953614e-18","0.03699349820698568","False","","","False"
"tile_0541_0580","303","0","100","0.0","3.469446951953614e-18","0.03699349820698568","0","100","0.0","3.469446951953614e-18","0.03699349820698568","False","","","False"
"tile_0541_0580","304","0","100","0.0","3.469446951953614e-18","0.03699349820698568","0","100","0.0","3.469446951953614e-18","0.03699349820698568","False","","","False"
"tile_0541_0580","305","0","100","0.0","3.469446951953614e-18","0.03699349820698568","0","100","0.0","3.469446951953614e-18","0.03699349820698568","False","","","False"
"tile_0541_0580","306","0","100","0.0","3.469446951953614e-18","0.03699349820698568","0","100","0.0","3.469446951953614e-18","0.03699349820698568","False","","","False"
"tile_0541_0580","307","0","100","0.0","3.469446951953614e-18","0.03699349820698568","0","100","0.0","3.469446951953614e-18","0.03699349820698568","False","","","False"
"tile_0541_0580","308","0","100","0.0","3.469446951953614e-18","0.03699349820698568","0","100","0.0","3.469446951953614e-18","0.03699349820698568","False","","","False"
"tile_0541_0580","309","0","100","0.0","3.469446951953614e-18","0.03699349820698568","0","100","0.0","3.469446951953614e-18","0.03699349820698568","False","","","False"
"tile_0541_0580","310","0","100","0.0","3.469446951953614e-18","0.03699349820698568","0","100","0.0","3.469446951953614e-18","0.03699349820698568","False","","","False"
"tile_0541_0580","311","0","100","0.0","3.469446951953614e-18","0.03699349820698568","0","100","0.0","3.469446951953614e-18","0.03699349820698568","False","","","False"
"tile_0541_0580","312","0","100","0.0","3.469446951953614e-18","0.03699349820698568","0","100","0.0","3.469446951953614e-18","0.03699349820698568","False","","","False"
"tile_0541_0580","313","0","100","0.0","3.469446951953614e-18","0.03699349820698568","0","100","0.0","3.469446951953614e-18","0.03699349820698568","False","","","False"
"tile_0541_0580","314","0","100","0.0","3.469446951953614e-18","0.03699349820698568","0","100","0.0","3.469446951953614e-18","0.03699349820698568","False","","","False"
"tile_0541_0580","315","0","100","0.0","3.469446951953614e-18","0.03699349820698568","0","100","0.0","3.469446951953614e-18","0.03699349820698568","False","","","False"
"tile_0541_0580","316","0","100","0.0","3.469446951953614e-18","0.03699349820698568","0","100","0.0","3.469446951953614e-18","0.03699349820698568","False","","","False"
"tile_0541_0580","317","0","100","0.0","3.469446951953614e-18","0.03699349820698568","0","100","0.0","3.469446951953614e-18","0.03699349820698568","False","","","False"
"tile_0541_0580","318","0","100","0.0","3.469446951953614e-18","0.03699349820698568","0","100","0.0","3.469446951953614e-18","0.03699349820698568","False","","","False"
"tile_0541_0580","319","0","100","0.0","3.469446951953614e-18","0.03699349820698568","0","100","0.0","3.469446951953614e-18","0.03699349820698568","False","","","False"
"tile_0541_0580","320","0","100","0.0","3.469446951953614e-18","0.03699349820698568","0","100","0.0","3.469446951953614e-18","0.03699349820698568","False","","","False"
"tile_0541_0580","321","0","100","0.0","3.469446951953614e-18","0.03699349820698568","0","100","0.0","3.469446951953614e-18","0.03699349820698568","False","","","False"
"tile_0541_0580","322","0","100","0.0","3.469446951953614e-18","0.03699349820698568","0","100","0.0","3.469446951953614e-18","0.03699349820698568","False","","","False"
"tile_0541_0580","323","0","100","0.0","3.469446951953614e-18","0.03699349820698568","0","100","0.0","3.469446951953614e-18","0.03699349820698568","False","","","False"
"tile_0541_0580","324","0","100","0.0","3.469446951953614e-18","0.03699349820698568","1","100","0.01","0.0017674320641406505","0.054486196178705315","False","","","False"
"tile_0541_0580","325","0","100","0.0","3.469446951953614e-18","0.03699349820698568","2","100","0.02","0.00550196755016235","0.07001179072854388","False","","","False"
"tile_0541_0580","326","0","100","0.0","3.469446951953614e-18","0.03699349820698568","0","100","0.0","3.469446951953614e-18","0.03699349820698568","False","","","False"
"tile_0541_0580","327","0","100","0.0","3.469446951953614e-18","0.03699349820698568","0","100","0.0","3.469446951953614e-18","0.03699349820698568","False","","","False"
"tile_0541_0580","328","0","100","0.0","3.469446951953614e-18","0.03699349820698568","0","100","0.0","3.469446951953614e-18","0.03699349820698568","False","","","False"
"tile_0541_0580","329","0","100","0.0","3.469446951953614e-18","0.03699349820698568","0","100","0.0","3.469446951953614e-18","0.03699349820698568","False","","","False"
"tile_0541_0580","330","0","100","0.0","3.469446951953614e-18","0.03699349820698568","0","100","0.0","3.469446951953614e-18","0.03699349820698568","False","","","False"
"tile_0541_0580","331","0","100","0.0","3.469446951953614e-18","0.03699349820698568","0","100","0.0","3.469446951953614e-18","0.03699349820698568","False","","","False"
"tile_0541_0580","332","0","100","0.0","3.469446951953614e-18","0.03699349820698568","0","100","0.0","3.469446951953614e-18","0.03699349820698568","False","","","False"
"tile_0541_0580","333","0","100","0.0","3.469446951953614e-18","0.03699349820698568","0","100","0.0","3.469446951953614e-18","0.03699349820698568","False","","","False"
"tile_0541_0580","334","0","100","0.0","3.469446951953614e-18","0.03699349820698568","0","100","0.0","3.469446951953614e-18","0.03699349820698568","False","","","False"
"tile_0541_0580","335","0","100","0.0","3.469446951953614e-18","0.03699349820698568","0","100","0.0","3.469446951953614e-18","0.03699349820698568","False","","","False"
"tile_0541_0580","336","0","100","0.0","3.469446951953614e-18","0.03699349820698568","0","100","0.0","3.469446951953614e-18","0.03699349820698568","False","","","False"
"tile_0541_0580","337","0","100","0.0","3.469446951953614e-18","0.03699349820698568","0","100","0.0","3.469446951953614e-18","0.03699349820698568","False","","","False"
"tile_0541_0580","338","0","100","0.0","3.469446951953614e-18","0.03699349820698568","0","100","0.0","3.469446951953614e-18","0.03699349820698568","False","","","False"
"tile_0541_0580","339","0","100","0.0","3.469446951953614e-18","0.03699349820698568","0","100","0.0","3.469446951953614e-18","0.03699349820698568","False","","","False"
"tile_0541_0580","340","0","100","0.0","3.469446951953614e-18","0.03699349820698568","0","100","0.0","3.469446951953614e-18","0.03699349820698568","False","","","False"
"tile_0541_0580","341","0","100","0.0","3.469446951953614e-18","0.03699349820698568","0","100","0.0","3.469446951953614e-18","0.03699349820698568","False","","","False"
"tile_0541_0580","342","0","100","0.0","3.469446951953614e-18","0.03699349820698568","0","100","0.0","3.469446951953614e-18","0.03699349820698568","False","","","False"
"tile_0541_0580","343","0","100","0.0","3.469446951953614e-18","0.03699349820698568","0","100","0.0","3.469446951953614e-18","0.03699349820698568","False","","","False"
"tile_0541_0580","344","0","100","0.0","3.469446951953614e-18","0.03699349820698568","0","100","0.0","3.469446951953614e-18","0.03699349820698568","False","","","False"
"tile_0541_0580","345","0","100","0.0","3.469446951953614e-18","0.03699349820698568","0","100","0.0","3.469446951953614e-18","0.03699349820698568","False","","","False"
"tile_0541_0580","346","0","100","0.0","3.469446951953614e-18","0.03699349820698568","0","100","0.0","3.469446951953614e-18","0.03699349820698568","False","","","False"
"tile_0541_0580","347","0","100","0.0","3.469446951953614e-18","0.03699349820698568","0","100","0.0","3.469446951953614e-18","0.03699349820698568","False","","","False"
"tile_0541_0580","348","0","100","0.0","3.469446951953614e-18","0.03699349820698568","0","100","0.0","3.469446951953614e-18","0.03699349820698568","False","","","False"
"tile_0541_0580","349","2","100","0.02","0.00550196755016235","0.07001179072854388","0","100","0.0","3.469446951953614e-18","0.03699349820698568","True","0.24874371859296482","0.33179293246283464","False"
"tile_0541_0580","350","2","100","0.02","0.00550196755016235","0.07001179072854388","0","100","0.0","3.469446951953614e-18","0.03699349820698568","True","0.24874371859296482","0.33179293246283464","False"
"tile_0541_0580","351","52","100","0.52","0.4231657776522397","0.615354482419481","10","100","0.1","0.0552291370606751","0.17436566150491345","True","4.9376317094499726e-11","8.88773707700995e-10","True"
"tile_0541_0580","352","25","100","0.25","0.17545211362287672","0.34304463548061603","4","100","0.04","0.01566330399154762","0.0983707143588792","True","1.4944170504086442e-05","4.6781751143227124e-05","True"
"tile_0541_0580","353","53","100","0.53","0.4328885697009936","0.6248918204065872","19","100","0.19","0.12514751509768735","0.27778845379064376","True","4.164960694981225e-07","2.1419797859903444e-06","True"
"tile_0541_0580","354","8","100","0.08","0.041093461484380624","0.14998107700948735","0","100","0.0","3.469446951953614e-18","0.03699349820698568","True","0.003377337287624105","0.007844138216417277","True"
"tile_0541_0580","355","52","100","0.52","0.4231657776522397","0.615354482419481","11","100","0.11","0.06254196357064568","0.18631296503080313","True","1.866857186603074e-10","2.6882743487084265e-09","True"
"tile_0541_0580","356","4","100","0.04","0.01566330399154762","0.0983707143588792","0","100","0.0","3.469446951953614e-18","0.03699349820698568","True","0.06062036068668214","0.10150385975444452","False"
"tile_0541_0580","357","49","100","0.49","0.3942199893044113","0.5865198806597283","7","100","0.07","0.03431926106727268","0.137495147390735","True","8.563684124661451e-12","3.082926284878122e-10","True"
"tile_0541_0580","358","0","100","0.0","3.469446951953614e-18","0.03699349820698568","0","100","0.0","3.469446951953614e-18","0.03699349820698568","False","","","False"
"tile_0541_0580","359","0","100","0.0","3.469446951953614e-18","0.03699349820698568","1","100","0.01","0.0017674320641406505","0.054486196178705315","False","","","False"
"tile_0541_0580","360","0","100","0.0","3.469446951953614e-18","0.03699349820698568","0","100","0.0","3.469446951953614e-18","0.03699349820698568","False","","","False"
"tile_0541_0580","361","0","100","0.0","3.469446951953614e-18","0.03699349820698568","0","100","0.0","3.469446951953614e-18","0.03699349820698568","False","","","False"
"tile_0541_0580","362","0","100","0.0","3.469446951953614e-18","0.03699349820698568","0","100","0.0","3.469446951953614e-18","0.03699349820698568","False","","","False"
"tile_0541_0580","363","1","100","0.01","0.0017674320641406505","0.054486196178705315","0","100","0.0","3.469446951953614e-18","0.03699349820698568","True","0.5","0.5373134328358209","False"
"tile_0541_0580","364","1","100","0.01","0.0017674320641406505","0.054486196178705315","0","100","0.0","3.469446951953614e-18","0.03699349820698568","True","0.5","0.5373134328358209","False"
"tile_0541_0580","365","1","100","0.01","0.0017674320641406505","0.054486196178705315","0","100","0.0","3.469446951953614e-18","0.03699349820698568","True","0.5","0.5373134328358209","False"
"tile_0541_0580","366","0","100","0.0","3.469446951953614e-18","0.03699349820698568","0","100","0.0","3.469446951953614e-18","0.03699349820698568","False","","","False"
"tile_0541_0580","367","0","100","0.0","3.469446951953614e-18","0.03699349820698568","0","100","0.0","3.469446951953614e-18","0.03699349820698568","False","","","False"
"tile_0541_0580","368","1","100","0.01","0.0017674320641406505","0.054486196178705315","0","100","0.0","3.469446951953614e-18","0.03699349820698568","True","0.5","0.5373134328358209","False"
"tile_0541_0580","369","6","100","0.06","0.027786123963188192","0.1247681544589592","2","100","0.02","0.00550196755016235","0.07001179072854388","True","0.13952165897130456","0.21373530736029636","False"
"tile_0541_0580","370","11","100","0.11","0.06254196357064568","0.18631296503080313","4","100","0.04","0.01566330399154762","0.0983707143588792","True","0.052297686680503414","0.08965317716657728","False"
"tile_0541_0580","371","35","100","0.35","0.26364248243097527","0.44745556703112027","11","100","0.11","0.06254196357064568","0.18631296503080313","True","4.2478464832442044e-05","0.00012743539449732612","True"
"tile_0541_0580","372","26","100","0.26","0.18404698464748132","0.3537098944918718","10","100","0.1","0.0552291370606751","0.17436566150491345","True","0.0026244911325252933","0.0062987787180607034","True"
"tile_0541_0580","373","45","100","0.45","0.3561453797951198","0.5475539700255787","14","100","0.14","0.08526343659939134","0.22137188210963837","True","1.1153132708485369e-06","5.353503700072977e-06","True"
"tile_0541_0580","374","39","100","0.39","0.3001687400639441","0.4879698295415926","7","100","0.07","0.03431926106727268","0.137495147390735","True","3.4990448381940756e-08","2.5193122834997343e-07","True"
"tile_0541_0580","375","43","100","0.43","0.33733298524110106","0.5278461045078768","8","100","0.08","0.041093461484380624","0.14998107700948735","True","5.965025096966854e-09","4.772020077573483e-08","True"
"tile_0541_0580","376","41","100","0.41","0.3186731302113651","0.5079856994658921","5","100","0.05","0.02154367915436796","0.11175046923191913","True","3.517694697503505e-10","4.221233637004206e-09","True"
"tile_0541_0580","377","43","100","0.43","0.33733298524110106","0.5278461045078768","13","100","0.13","0.07757167427240512","0.20980351440076428","True","1.6665084289323052e-06","7.058153346066233e-06","True"
"tile_0541_0580","378","10","100","0.1","0.0552291370606751","0.17436566150491345","0","100","0.0","3.469446951953614e-18","0.03699349820698568","True","0.0007710260627178503","0.0019826384469887577","True"
"tile_0541_0580","379","11","100","0.11","0.06254196357064568","0.18631296503080313","1","100","0.01","0.0017674320641406505","0.054486196178705315","True","0.0024908586336925037","0.00618420074571932","True"
"tile_0541_0580","380","9","100","0.09","0.04807254000256516","0.1622621285271631","2","100","0.02","0.00550196755016235","0.07001179072854388","True","0.029110358790143752","0.053444889421727926","False"
"tile_0541_0580","381","5","100","0.05","0.02154367915436796","0.11175046923191913","1","100","0.01","0.0017674320641406505","0.054486196178705315","True","0.10582392634786583","0.16931828215658534","False"
"tile_0541_0580","382","10","100","0.1","0.0552291370606751","0.17436566150491345","2","100","0.02","0.00550196755016235","0.07001179072854388","True","0.016520054662092488","0.0321471333965043","True"
"tile_0541_0580","383","16","100","0.16","0.10095288488804782","0.24420269389270244","1","100","0.01","0.0017674320641406505","0.054486196178705315","True","7.714332787365546e-05","0.00021362767718858435","True"
"tile_0541_0580","384","16","100","0.16","0.10095288488804782","0.24420269389270244","0","100","0.0","3.469446951953614e-18","0.03699349820698568","True","7.956486731363567e-06","2.6039411120826218e-05","True"
"tile_0541_0580","385","24","100","0.24","0.16691325556948772","0.33232336349814473","2","100","0.02","0.00550196755016235","0.07001179072854388","True","1.3794923149182195e-06","6.2077154171319874e-06","True"
"tile_0541_0580","386","43","100","0.43","0.33733298524110106","0.5278461045078768","10","100","0.1","0.0552291370606751","0.17436566150491345","True","7.175917936725399e-08","4.305550762035239e-07","True"
"tile_0541_0580","387","22","100","0.22","0.150012823846054","0.31070353514985793","2","100","0.02","0.00550196755016235","0.07001179072854388","True","6.050243148219388e-06","2.2175984259006834e-05","True"
"tile_0541_0580","388","48","100","0.48","0.384645517580519","0.5768342223477603","11","100","0.11","0.06254196357064568","0.18631296503080313","True","5.0484548988577655e-09","4.543609408971989e-08","True"
"tile_0541_0580","389","9","100","0.09","0.04807254000256516","0.1622621285271631","2","100","0.02","0.00550196755016235","0.07001179072854388","True","0.029110358790143752","0.053444889421727926","False"
"tile_0541_0580","390","30","100","0.3","0.2189488529493276","0.3958485463334666","5","100","0.05","0.02154367915436796","0.11175046923191913","True","1.773847727657793e-06","7.095390910631172e-06","True"
"tile_0541_0580","391","0","100","0.0","3.469446951953614e-18","0.03699349820698568","0","100","0.0","3.469446951953614e-18","0.03699349820698568","False","","","False"
"tile_0541_0580","392","2","100","0.02","0.00550196755016235","0.07001179072854388","0","100","0.0","3.469446951953614e-18","0.03699349820698568","True","0.24874371859296482","0.33179293246283464","False"
"tile_0541_0580","393","0","100","0.0","3.469446951953614e-18","0.03699349820698568","0","100","0.0","3.469446951953614e-18","0.03699349820698568","False","","","False"
"tile_0541_0580","394","2","100","0.02","0.00550196755016235","0.07001179072854388","0","100","0.0","3.469446951953614e-18","0.03699349820698568","True","0.24874371859296482","0.33179293246283464","False"
"tile_0541_0580","395","11","100","0.11","0.06254196357064568","0.18631296503080313","2","100","0.02","0.00550196755016235","0.07001179072854388","True","0.009206963115373347","0.01894003840876803","True"
"tile_0541_0580","396","6","100","0.06","0.027786123963188192","0.1247681544589592","3","100","0.03","0.010254524024038925","0.0845193642905276","True","0.24884469934712602","0.33179293246283464","False"
"tile_0541_0580","397","51","100","0.51","0.4134801193402717","0.6057800106955886","9","100","0.09","0.04807254000256516","0.1622621285271631","True","2.9393330561353913e-11","7.054399334724939e-10","True"
"tile_0541_0580","398","5","100","0.05","0.02154367915436796","0.11175046923191913","2","100","0.02","0.00550196755016235","0.07001179072854388","True","0.2223770158877166","0.33179293246283464","False"
"tile_0541_0580","399","28","100","0.28","0.20139685211186212","0.3748802870992116","2","100","0.02","0.00550196755016235","0.07001179072854388","True","6.34995037054028e-08","4.1563311516263646e-07","True"
"tile_0541_0580","400","49","100","0.49","0.3942199893044113","0.5865198806597283","5","100","0.05","0.02154367915436796","0.11175046923191913","True","2.70292280131945e-13","1.946104416950004e-11","True"
"tile_0541_0580","401","4","100","0.04","0.01566330399154762","0.0983707143588792","2","100","0.02","0.00550196755016235","0.07001179072854388","True","0.34135829479298097","0.41657283432363773","False"
"tile_0541_0580","402","2","100","0.02","0.00550196755016235","0.07001179072854388","0","100","0.0","3.469446951953614e-18","0.03699349820698568","True","0.24874371859296482","0.33179293246283464","False"
"tile_0541_0580","403","13","100","0.13","0.07757167427240512","0.20980351440076428","3","100","0.03","0.010254524024038925","0.0845193642905276","True","0.008248052805041843","0.01799575157463675","True"
"tile_0541_0580","404","14","100","0.14","0.08526343659939134","0.22137188210963837","4","100","0.04","0.01566330399154762","0.0983707143588792","True","0.011904821097767635","0.02380964219553527","True"
"tile_0541_0580","405","26","100","0.26","0.18404698464748132","0.3537098944918718","7","100","0.07","0.03431926106727268","0.137495147390735","True","0.00023035184697170287","0.000614271591924541","True"
"tile_0541_0580","406","21","100","0.21","0.141656540619153","0.29979968834089865","3","100","0.03","0.010254524024038925","0.0845193642905276","True","5.7454806880247746e-05","0.0001654698438151135","True"
"tile_0541_0580","407","11","100","0.11","0.06254196357064568","0.18631296503080313","2","100","0.02","0.00550196755016235","0.07001179072854388","True","0.009206963115373347","0.01894003840876803","True"
"tile_0541_0580","408","0","100","0.0","3.469446951953614e-18","0.03699349820698568","0","100","0.0","3.469446951953614e-18","0.03699349820698568","False","","","False"
"tile_0541_0580","409","7","100","0.07","0.03431926106727268","0.137495147390735","0","100","0.0","3.469446951953614e-18","0.03699349820698568","True","0.007008882758187659","0.01576998620592223","True"
"tile_0541_0580","410","0","100","0.0","3.469446951953614e-18","0.03699349820698568","0","100","0.0","3.469446951953614e-18","0.03699349820698568","False","","","False"
"tile_0541_0580","411","0","100","0.0","3.469446951953614e-18","0.03699349820698568","0","100","0.0","3.469446951953614e-18","0.03699349820698568","False","","","False"
"tile_0541_0580","412","5","100","0.05","0.02154367915436796","0.11175046923191913","0","100","0.0","3.469446951953614e-18","0.03699349820698568","True","0.029691605234293292","0.053444889421727926","False"
"tile_0541_0580","413","4","100","0.04","0.01566330399154762","0.0983707143588792","2","100","0.02","0.00550196755016235","0.07001179072854388","True","0.34135829479298097","0.41657283432363773","False"
"tile_0541_0580","414","0","100","0.0","3.469446951953614e-18","0.03699349820698568","0","100","0.0","3.469446951953614e-18","0.03699349820698568","False","","","False"
"tile_0541_0580","415","3","100","0.03","0.010254524024038925","0.0845193642905276","1","100","0.01","0.0017674320641406505","0.054486196178705315","True","0.3106012294977425","0.3923383951550432","False"
"tile_0541_0580","416","0","100","0.0","3.469446951953614e-18","0.03699349820698568","0","100","0.0","3.469446951953614e-18","0.03699349820698568","False","","","False"
"tile_0541_0580","417","0","100","0.0","3.469446951953614e-18","0.03699349820698568","0","100","0.0","3.469446951953614e-18","0.03699349820698568","False","","","False"
"tile_0541_0580","418","7","100","0.07","0.03431926106727268","0.137495147390735","2","100","0.02","0.00550196755016235","0.07001179072854388","True","0.08486013878339384","0.13886204528191717","False"
"tile_0541_0580","419","0","100","0.0","3.469446951953614e-18","0.03699349820698568","0","100","0.0","3.469446951953614e-18","0.03699349820698568","False","","","False"
"tile_0541_0580","420","1","100","0.01","0.0017674320641406505","0.054486196178705315","2","100","0.02","0.00550196755016235","0.07001179072854388","True","0.8768844221105528","0.9150098317675335","False"
"tile_0541_0580","421","1","100","0.01","0.0017674320641406505","0.054486196178705315","3","100","0.03","0.010254524024038925","0.0845193642905276","True","0.9393796393133178","0.9540479757986108","False"
"tile_0541_0580","422","0","100","0.0","3.469446951953614e-18","0.03699349820698568","0","100","0.0","3.469446951953614e-18","0.03699349820698568","False","","","False"
"tile_0541_0580","423","0","100","0.0","3.469446951953614e-18","0.03699349820698568","0","100","0.0","3.469446951953614e-18","0.03699349820698568","False","","","False"
"tile_0541_0580","424","0","100","0.0","3.469446951953614e-18","0.03699349820698568","0","100","0.0","3.469446951953614e-18","0.03699349820698568","False","","","False"
"tile_0541_0580","425","0","100","0.0","3.469446951953614e-18","0.03699349820698568","0","100","0.0","3.469446951953614e-18","0.03699349820698568","False","","","False"
"tile_0541_0580","426","0","100","0.0","3.469446951953614e-18","0.03699349820698568","0","100","0.0","3.469446951953614e-18","0.03699349820698568","False","","","False"
"tile_0541_0580","427","0","100","0.0","3.469446951953614e-18","0.03699349820698568","0","100","0.0","3.469446951953614e-18","0.03699349820698568","False","","","False"
"tile_0541_0580","428","0","100","0.0","3.469446951953614e-18","0.03699349820698568","0","100","0.0","3.469446951953614e-18","0.03699349820698568","False","","","False"
"tile_0541_0580","429","0","100","0.0","3.469446951953614e-18","0.03699349820698568","0","100","0.0","3.469446951953614e-18","0.03699349820698568","False","","","False"
"tile_0541_0580","430","0","100","0.0","3.469446951953614e-18","0.03699349820698568","0","100","0.0","3.469446951953614e-18","0.03699349820698568","False","","","False"
"tile_0541_0580","431","0","100","0.0","3.469446951953614e-18","0.03699349820698568","0","100","0.0","3.469446951953614e-18","0.03699349820698568","False","","","False"
"tile_0541_0580","432","0","100","0.0","3.469446951953614e-18","0.03699349820698568","0","100","0.0","3.469446951953614e-18","0.03699349820698568","False","","","False"
"tile_0541_0580","433","0","100","0.0","3.469446951953614e-18","0.03699349820698568","0","100","0.0","3.469446951953614e-18","0.03699349820698568","False","","","False"
"tile_0541_0580","434","0","100","0.0","3.469446951953614e-18","0.03699349820698568","0","100","0.0","3.469446951953614e-18","0.03699349820698568","False","","","False"
"tile_0541_0580","435","0","100","0.0","3.469446951953614e-18","0.03699349820698568","0","100","0.0","3.469446951953614e-18","0.03699349820698568","False","","","False"
"tile_0541_0580","436","0","100","0.0","3.469446951953614e-18","0.03699349820698568","0","100","0.0","3.469446951953614e-18","0.03699349820698568","False","","","False"
"tile_0541_0580","437","0","100","0.0","3.469446951953614e-18","0.03699349820698568","0","100","0.0","3.469446951953614e-18","0.03699349820698568","False","","","False"
"tile_0541_0580","438","0","100","0.0","3.469446951953614e-18","0.03699349820698568","0","100","0.0","3.469446951953614e-18","0.03699349820698568","False","","","False"
"tile_0541_0580","439","0","100","0.0","3.469446951953614e-18","0.03699349820698568","0","100","0.0","3.469446951953614e-18","0.03699349820698568","False","","","False"
"tile_0541_0580","440","0","100","0.0","3.469446951953614e-18","0.03699349820698568","0","100","0.0","3.469446951953614e-18","0.03699349820698568","False","","","False"
"tile_0541_0580","441","0","100","0.0","3.469446951953614e-18","0.03699349820698568","0","100","0.0","3.469446951953614e-18","0.03699349820698568","False","","","False"
"tile_0541_0580","442","0","100","0.0","3.469446951953614e-18","0.03699349820698568","0","100","0.0","3.469446951953614e-18","0.03699349820698568","False","","","False"
